data,vendedor,convertido,canal
2026-02-20,Carlos Silva,True,Loja
2026-03-22,Carlos Silva,False,Loja
2026-02-28,Carlos Silva,False,Site
2026-01-28,Carlos Silva,True,WhatsApp
2026-01-20,Carlos Silva,False,WhatsApp
2026-03-29,Carlos Silva,True,Loja
2026-02-09,Carlos Silva,False,Telefone
2026-03-24,Carlos Silva,False,WhatsApp
2026-03-30,Carlos Silva,True,WhatsApp
2026-03-31,Carlos Silva,True,Site
2026-02-21,Carlos Silva,False,WhatsApp
2026-01-10,Carlos Silva,False,Loja
2026-02-12,Carlos Silva,False,Loja
2026-01-08,Carlos Silva,False,Loja
2026-03-12,Carlos Silva,False,Telefone
2026-02-15,Carlos Silva,True,Loja
2026-03-07,Carlos Silva,False,Loja
2026-01-31,Carlos Silva,True,Loja
2026-01-30,Carlos Silva,True,Telefone
2026-01-13,Carlos Silva,False,Loja
2026-03-08,Carlos Silva,False,Loja
2026-01-21,Carlos Silva,True,Loja
2026-01-11,Carlos Silva,True,Loja
2026-01-29,Carlos Silva,False,Loja
2026-02-05,Carlos Silva,False,WhatsApp
2026-02-15,Carlos Silva,False,WhatsApp
2026-03-11,Carlos Silva,False,Telefone
2026-03-25,Carlos Silva,False,WhatsApp
2026-01-17,Carlos Silva,False,WhatsApp
2026-02-22,Carlos Silva,True,Loja
2026-01-15,Carlos Silva,True,Telefone
2026-03-26,Carlos Silva,False,Site
2026-02-20,Carlos Silva,False,Loja
2026-03-13,Carlos Silva,True,WhatsApp
2026-02-27,Carlos Silva,False,Site
2026-03-19,Carlos Silva,True,WhatsApp
2026-02-22,Carlos Silva,False,WhatsApp
2026-02-08,Carlos Silva,False,Telefone
2026-01-19,Carlos Silva,True,WhatsApp
2026-03-01,Carlos Silva,False,Telefone
2026-03-30,Carlos Silva,False,Loja
2026-04-02,Carlos Silva,True,Site
2026-01-31,Carlos Silva,False,Site
2026-02-04,Carlos Silva,True,WhatsApp
2026-03-03,Carlos Silva,False,Site
2026-04-01,Carlos Silva,True,WhatsApp
2026-02-26,Carlos Silva,False,Loja
2026-01-12,Carlos Silva,False,WhatsApp
2026-02-18,Carlos Silva,False,Loja
2026-01-25,Carlos Silva,True,Loja
2026-03-28,Carlos Silva,False,Loja
2026-01-23,Carlos Silva,False,Loja
2026-01-15,Carlos Silva,False,Site
2026-02-04,Carlos Silva,False,Site
2026-01-26,Carlos Silva,False,WhatsApp
2026-01-13,Carlos Silva,True,Loja
2026-01-19,Carlos Silva,False,Telefone
2026-03-11,Carlos Silva,False,Telefone
2026-02-18,Carlos Silva,False,Loja
2026-01-27,Carlos Silva,False,WhatsApp
2026-03-16,Carlos Silva,False,WhatsApp
2026-01-23,Carlos Silva,True,WhatsApp
2026-03-27,Carlos Silva,False,Loja
2026-03-26,Carlos Silva,False,WhatsApp
2026-03-26,Carlos Silva,True,Loja
2026-01-14,Carlos Silva,False,Loja
2026-02-08,Carlos Silva,True,Loja
2026-02-13,Carlos Silva,True,Telefone
2026-01-19,Carlos Silva,False,Loja
2026-02-19,Carlos Silva,False,Loja
2026-01-30,Carlos Silva,False,Site
2026-02-12,Carlos Silva,False,Telefone
2026-02-18,Carlos Silva,False,Loja
2026-01-20,Carlos Silva,True,Loja
2026-03-21,Carlos Silva,False,Site
2026-03-14,Carlos Silva,False,Telefone
2026-01-15,Carlos Silva,False,Telefone
2026-03-25,Carlos Silva,False,Loja
2026-01-15,Carlos Silva,False,Telefone
2026-02-02,Carlos Silva,True,Telefone
2026-01-04,Carlos Silva,True,WhatsApp
2026-01-18,Carlos Silva,False,Loja
2026-01-11,Carlos Silva,True,Loja
2026-03-16,Carlos Silva,False,Loja
2026-02-09,Carlos Silva,False,Loja
2026-03-18,Carlos Silva,False,Site
2026-02-25,Carlos Silva,False,WhatsApp
2026-02-27,Carlos Silva,False,WhatsApp
2026-03-29,Carlos Silva,True,Loja
2026-03-30,Carlos Silva,True,Loja
2026-02-16,Carlos Silva,True,WhatsApp
2026-03-27,Fernanda Lima,False,Loja
2026-02-24,Fernanda Lima,False,Telefone
2026-03-25,Fernanda Lima,False,Loja
2026-03-11,Fernanda Lima,False,Loja
2026-03-08,Fernanda Lima,True,Loja
2026-01-03,Fernanda Lima,True,Telefone
2026-03-01,Fernanda Lima,True,Loja
2026-01-28,Fernanda Lima,False,Loja
2026-01-22,Fernanda Lima,True,Loja
2026-03-30,Fernanda Lima,True,Loja
2026-01-12,Fernanda Lima,False,Loja
2026-03-02,Fernanda Lima,True,Telefone
2026-03-18,Fernanda Lima,False,Loja
2026-02-12,Fernanda Lima,False,Loja
2026-01-07,Fernanda Lima,False,WhatsApp
2026-03-08,Fernanda Lima,True,Site
2026-01-19,Fernanda Lima,True,Telefone
2026-01-24,Fernanda Lima,True,Telefone
2026-02-12,Fernanda Lima,False,Telefone
2026-03-11,Fernanda Lima,True,WhatsApp
2026-03-12,Fernanda Lima,False,WhatsApp
2026-01-13,Fernanda Lima,False,WhatsApp
2026-02-27,Fernanda Lima,False,Loja
2026-02-22,Fernanda Lima,False,Loja
2026-01-23,Fernanda Lima,False,WhatsApp
2026-03-19,Fernanda Lima,False,Loja
2026-01-28,Fernanda Lima,False,Telefone
2026-01-21,Fernanda Lima,False,WhatsApp
2026-03-03,Fernanda Lima,True,Telefone
2026-03-14,Fernanda Lima,False,Loja
2026-02-18,Fernanda Lima,True,Site
2026-03-14,Fernanda Lima,False,Site
2026-01-28,Fernanda Lima,False,Loja
2026-02-11,Fernanda Lima,True,Loja
2026-01-07,Fernanda Lima,True,Loja
2026-01-23,Fernanda Lima,True,Loja
2026-03-21,Fernanda Lima,False,Loja
2026-01-06,Fernanda Lima,False,WhatsApp
2026-01-25,Fernanda Lima,True,Loja
2026-03-27,Fernanda Lima,True,Loja
2026-01-17,Fernanda Lima,False,Loja
2026-01-10,Fernanda Lima,True,Loja
2026-02-12,Fernanda Lima,False,Telefone
2026-01-21,Fernanda Lima,False,Loja
2026-02-17,Fernanda Lima,False,Telefone
2026-01-30,Fernanda Lima,False,Site
2026-03-11,Fernanda Lima,True,Site
2026-01-17,Fernanda Lima,False,Loja
2026-02-08,Fernanda Lima,False,Site
2026-01-03,Fernanda Lima,True,WhatsApp
2026-03-10,Fernanda Lima,False,WhatsApp
2026-01-26,Fernanda Lima,True,WhatsApp
2026-01-29,Fernanda Lima,True,WhatsApp
2026-02-11,Fernanda Lima,True,WhatsApp
2026-03-06,Fernanda Lima,False,WhatsApp
2026-03-04,Fernanda Lima,False,WhatsApp
2026-02-07,Fernanda Lima,False,Loja
2026-01-26,Fernanda Lima,False,Loja
2026-01-26,Fernanda Lima,False,Loja
2026-01-06,Fernanda Lima,False,WhatsApp
2026-03-10,Fernanda Lima,False,Loja
2026-02-05,Fernanda Lima,False,WhatsApp
2026-02-28,Fernanda Lima,False,Loja
2026-02-20,Fernanda Lima,False,Loja
2026-03-30,Fernanda Lima,False,WhatsApp
2026-02-24,Fernanda Lima,False,Loja
2026-01-25,Fernanda Lima,True,Loja
2026-03-12,Fernanda Lima,True,Loja
2026-02-24,Fernanda Lima,False,Loja
2026-03-05,Fernanda Lima,False,Loja
2026-02-12,Fernanda Lima,False,WhatsApp
2026-02-28,Fernanda Lima,True,Loja
2026-03-03,Fernanda Lima,False,Loja
2026-02-25,Fernanda Lima,False,WhatsApp
2026-03-13,Fernanda Lima,False,Loja
2026-02-28,Fernanda Lima,False,WhatsApp
2026-01-12,Fernanda Lima,False,Loja
2026-02-11,Fernanda Lima,False,Loja
2026-01-09,Fernanda Lima,False,Loja
2026-02-09,Fernanda Lima,False,Loja
2026-03-28,Fernanda Lima,False,Telefone
2026-03-04,Fernanda Lima,False,WhatsApp
2026-03-27,Fernanda Lima,False,Site
2026-01-05,Fernanda Lima,True,WhatsApp
2026-02-22,Fernanda Lima,False,WhatsApp
2026-03-29,Fernanda Lima,True,WhatsApp
2026-02-18,Fernanda Lima,False,Loja
2026-03-11,Fernanda Lima,False,Loja
2026-03-19,Fernanda Lima,True,Loja
2026-02-09,Fernanda Lima,True,Site
2026-02-07,Fernanda Lima,True,Loja
2026-02-12,Fernanda Lima,True,WhatsApp
2026-03-12,Fernanda Lima,False,Loja
2026-01-15,Fernanda Lima,True,Telefone
2026-03-30,Fernanda Lima,True,Loja
2026-03-01,Fernanda Lima,True,Telefone
2026-02-21,Fernanda Lima,True,WhatsApp
2026-02-01,Fernanda Lima,True,Site
2026-03-05,Fernanda Lima,True,Telefone
2026-01-27,Fernanda Lima,False,Loja
2026-01-29,Fernanda Lima,False,Loja
2026-02-22,Fernanda Lima,False,Site
2026-03-21,Fernanda Lima,False,Loja
2026-02-28,Fernanda Lima,False,Loja
2026-02-18,Fernanda Lima,False,WhatsApp
2026-02-10,Fernanda Lima,False,Loja
2026-01-18,Fernanda Lima,False,Loja
2026-01-24,Fernanda Lima,False,Loja
2026-03-28,Fernanda Lima,False,Telefone
2026-02-25,Fernanda Lima,False,Loja
2026-01-23,Fernanda Lima,False,Loja
2026-03-15,Fernanda Lima,False,Loja
2026-01-18,Fernanda Lima,True,Loja
2026-03-02,Fernanda Lima,False,Loja
2026-02-02,Fernanda Lima,True,Site
2026-02-13,Fernanda Lima,True,WhatsApp
2026-03-17,Fernanda Lima,False,Site
2026-02-03,Fernanda Lima,False,WhatsApp
2026-03-02,Fernanda Lima,False,Loja
2026-02-05,Fernanda Lima,False,Loja
2026-01-11,Fernanda Lima,False,Loja
2026-03-24,Fernanda Lima,False,Loja
2026-01-13,Fernanda Lima,False,Loja
2026-01-12,Fernanda Lima,False,Telefone
2026-03-29,Fernanda Lima,True,Telefone
2026-01-19,Fernanda Lima,False,WhatsApp
2026-03-11,Fernanda Lima,True,Loja
2026-02-19,Fernanda Lima,True,Loja
2026-02-23,Fernanda Lima,False,Loja
2026-02-10,Ricardo Santos,False,WhatsApp
2026-01-24,Ricardo Santos,False,Loja
2026-02-12,Ricardo Santos,True,WhatsApp
2026-01-07,Ricardo Santos,False,Telefone
2026-02-13,Ricardo Santos,False,Telefone
2026-03-30,Ricardo Santos,False,Loja
2026-03-24,Ricardo Santos,False,Loja
2026-03-19,Ricardo Santos,True,Telefone
2026-03-30,Ricardo Santos,False,Loja
2026-03-23,Ricardo Santos,True,Loja
2026-03-10,Ricardo Santos,False,Site
2026-02-01,Ricardo Santos,True,Loja
2026-02-28,Ricardo Santos,False,Loja
2026-03-29,Ricardo Santos,False,Site
2026-03-16,Ricardo Santos,True,WhatsApp
2026-01-31,Ricardo Santos,True,Loja
2026-02-08,Ricardo Santos,False,Loja
2026-03-30,Ricardo Santos,False,WhatsApp
2026-01-15,Ricardo Santos,False,Loja
2026-02-03,Ricardo Santos,False,Loja
2026-02-17,Ricardo Santos,True,Loja
2026-01-25,Ricardo Santos,False,WhatsApp
2026-02-16,Ricardo Santos,False,WhatsApp
2026-01-19,Ricardo Santos,True,Loja
2026-03-28,Ricardo Santos,False,Loja
2026-03-09,Ricardo Santos,True,Telefone
2026-01-08,Ricardo Santos,False,WhatsApp
2026-01-20,Ricardo Santos,True,Telefone
2026-01-24,Ricardo Santos,False,Telefone
2026-02-04,Ricardo Santos,False,Telefone
2026-02-01,Ricardo Santos,False,Loja
2026-03-24,Ricardo Santos,False,WhatsApp
2026-02-03,Ricardo Santos,False,Loja
2026-02-13,Ricardo Santos,True,Telefone
2026-03-21,Ricardo Santos,False,Site
2026-01-12,Ricardo Santos,False,WhatsApp
2026-02-07,Ricardo Santos,False,Telefone
2026-02-05,Ricardo Santos,False,WhatsApp
2026-03-16,Ricardo Santos,True,Loja
2026-01-30,Ricardo Santos,False,Loja
2026-01-13,Ricardo Santos,True,Loja
2026-03-21,Ricardo Santos,True,Loja
2026-02-10,Ricardo Santos,False,Site
2026-02-18,Ricardo Santos,False,Loja
2026-01-21,Ricardo Santos,True,WhatsApp
2026-01-17,Ricardo Santos,False,Telefone
2026-01-30,Ricardo Santos,False,Telefone
2026-01-26,Ricardo Santos,True,WhatsApp
2026-03-15,Ricardo Santos,True,Site
2026-01-11,Ricardo Santos,False,Loja
2026-02-18,Ricardo Santos,True,Loja
2026-02-04,Ricardo Santos,False,Loja
2026-03-05,Ricardo Santos,False,Loja
2026-01-21,Ricardo Santos,False,Telefone
2026-03-10,Ricardo Santos,False,Telefone
2026-03-17,Ricardo Santos,True,Loja
2026-02-11,Ricardo Santos,False,Loja
2026-02-18,Ricardo Santos,False,Loja
2026-03-08,Ricardo Santos,True,Loja
2026-01-31,Ricardo Santos,False,Loja
2026-02-21,Ricardo Santos,False,Loja
2026-01-15,Ricardo Santos,False,Loja
2026-01-03,Ricardo Santos,False,Telefone
2026-02-05,Ricardo Santos,False,Site
2026-02-19,Ricardo Santos,False,Telefone
2026-03-20,Ricardo Santos,False,Loja
2026-02-19,Ricardo Santos,False,Loja
2026-02-20,Ricardo Santos,True,Site
2026-03-07,Ricardo Santos,False,WhatsApp
2026-03-04,Ricardo Santos,False,Telefone
2026-01-31,Ricardo Santos,False,Loja
2026-02-10,Ricardo Santos,True,Loja
2026-03-31,Ricardo Santos,True,Loja
2026-01-28,Ricardo Santos,False,Telefone
2026-01-19,Ricardo Santos,False,Loja
2026-03-14,Ricardo Santos,False,Loja
2026-01-15,Ricardo Santos,True,Telefone
2026-03-12,Ricardo Santos,False,Telefone
2026-01-28,Ricardo Santos,True,Telefone
2026-02-20,Ricardo Santos,False,WhatsApp
2026-03-10,Ricardo Santos,False,Telefone
2026-01-09,Ricardo Santos,False,WhatsApp
2026-03-01,Ricardo Santos,False,Telefone
2026-02-20,Ricardo Santos,False,WhatsApp
2026-02-24,Ricardo Santos,False,Loja
2026-03-08,Ricardo Santos,False,Site
2026-03-05,Ricardo Santos,False,Loja
2026-01-19,Ricardo Santos,False,Loja
2026-02-14,Ricardo Santos,False,Site
2026-01-27,Ricardo Santos,False,Telefone
2026-01-05,Ricardo Santos,False,WhatsApp
2026-02-03,Juliana Rocha,False,Site
2026-01-13,Juliana Rocha,True,Loja
2026-03-04,Juliana Rocha,True,Loja
2026-01-20,Juliana Rocha,True,Loja
2026-01-29,Juliana Rocha,True,Loja
2026-02-26,Juliana Rocha,True,Loja
2026-02-25,Juliana Rocha,False,Telefone
2026-03-25,Juliana Rocha,False,Loja
2026-03-30,Juliana Rocha,True,Telefone
2026-03-18,Juliana Rocha,True,Loja
2026-01-23,Juliana Rocha,True,Loja
2026-02-15,Juliana Rocha,True,Loja
2026-01-07,Juliana Rocha,False,Loja
2026-03-30,Juliana Rocha,True,Telefone
2026-02-12,Juliana Rocha,True,Loja
2026-03-02,Juliana Rocha,False,Loja
2026-04-01,Juliana Rocha,True,Loja
2026-02-25,Juliana Rocha,True,WhatsApp
2026-03-17,Juliana Rocha,False,Loja
2026-01-24,Juliana Rocha,False,WhatsApp
2026-03-26,Juliana Rocha,True,WhatsApp
2026-03-08,Juliana Rocha,True,Loja
2026-03-07,Juliana Rocha,True,Loja
2026-03-14,Juliana Rocha,True,Telefone
2026-01-06,Juliana Rocha,True,Loja
2026-03-08,Juliana Rocha,False,WhatsApp
2026-01-17,Juliana Rocha,False,WhatsApp
2026-03-19,Juliana Rocha,False,Telefone
2026-01-24,Juliana Rocha,True,WhatsApp
2026-03-29,Juliana Rocha,False,Site
2026-02-18,Juliana Rocha,False,Loja
2026-03-24,Juliana Rocha,True,Loja
2026-02-17,Juliana Rocha,False,Loja
2026-01-16,Juliana Rocha,False,Telefone
2026-02-21,Juliana Rocha,True,Telefone
2026-01-22,Juliana Rocha,False,Loja
2026-02-21,Juliana Rocha,False,Telefone
2026-02-04,Juliana Rocha,True,Loja
2026-03-02,Juliana Rocha,False,Loja
2026-02-14,Juliana Rocha,False,WhatsApp
2026-03-22,Juliana Rocha,False,WhatsApp
2026-01-14,Juliana Rocha,True,WhatsApp
2026-02-11,Juliana Rocha,True,WhatsApp
2026-01-22,Juliana Rocha,True,WhatsApp
2026-02-09,Juliana Rocha,True,Loja
2026-01-05,Juliana Rocha,True,Loja
2026-01-30,Juliana Rocha,False,Loja
2026-02-27,Juliana Rocha,False,Site
2026-04-02,Juliana Rocha,False,Loja
2026-01-15,Juliana Rocha,True,Telefone
2026-03-20,Juliana Rocha,True,Loja
2026-03-09,Juliana Rocha,False,Telefone
2026-02-08,Juliana Rocha,False,Loja
2026-02-20,Juliana Rocha,False,Loja
2026-03-09,Juliana Rocha,True,Telefone
2026-02-07,Juliana Rocha,True,Loja
2026-02-25,Juliana Rocha,True,Telefone
2026-01-28,Juliana Rocha,False,WhatsApp
2026-03-18,Juliana Rocha,False,Loja
2026-03-15,Juliana Rocha,False,Loja
2026-02-11,Juliana Rocha,True,Loja
2026-02-14,Juliana Rocha,False,Loja
2026-01-24,Juliana Rocha,True,Loja
2026-01-22,Juliana Rocha,True,Site
2026-01-10,Juliana Rocha,False,Loja
2026-01-31,Juliana Rocha,False,Loja
2026-02-11,Juliana Rocha,False,Loja
2026-04-02,Juliana Rocha,False,Site
2026-02-01,Juliana Rocha,False,Loja
2026-03-24,Juliana Rocha,False,Loja
2026-03-27,Juliana Rocha,True,Loja
2026-02-26,Juliana Rocha,True,WhatsApp
2026-01-18,Juliana Rocha,False,Site
2026-02-17,Juliana Rocha,False,WhatsApp
2026-03-05,Juliana Rocha,True,Loja
2026-01-09,Juliana Rocha,False,Loja
2026-03-23,Juliana Rocha,False,Loja
2026-02-16,Juliana Rocha,True,Loja
2026-03-02,Juliana Rocha,True,Loja
2026-02-27,Juliana Rocha,False,Loja
2026-02-19,Juliana Rocha,False,Loja
2026-01-29,Juliana Rocha,True,Loja
2026-02-24,Juliana Rocha,False,Loja
2026-03-30,Juliana Rocha,False,Loja
2026-03-31,Juliana Rocha,False,Loja
2026-03-16,Juliana Rocha,False,WhatsApp
2026-02-06,Juliana Rocha,False,Loja
2026-02-22,Juliana Rocha,True,Loja
2026-03-27,Juliana Rocha,False,WhatsApp
2026-02-08,Juliana Rocha,False,Loja
2026-03-24,Juliana Rocha,True,Loja
2026-02-28,Juliana Rocha,False,WhatsApp
2026-01-10,Juliana Rocha,False,Loja
2026-03-22,Juliana Rocha,False,WhatsApp
2026-01-22,Juliana Rocha,True,Telefone
2026-02-24,Juliana Rocha,False,Telefone
2026-01-14,Juliana Rocha,False,Loja
2026-02-20,Juliana Rocha,True,Site
2026-01-19,Juliana Rocha,True,WhatsApp
2026-03-03,André Costa,True,WhatsApp
2026-03-26,André Costa,True,Telefone
2026-03-01,André Costa,False,WhatsApp
2026-02-27,André Costa,False,Telefone
2026-01-30,André Costa,True,Telefone
2026-01-03,André Costa,False,WhatsApp
2026-02-13,André Costa,False,Loja
2026-03-25,André Costa,False,Telefone
2026-02-19,André Costa,True,Telefone
2026-02-11,André Costa,True,Loja
2026-03-06,André Costa,True,Loja
2026-03-19,André Costa,False,Loja
2026-03-15,André Costa,False,WhatsApp
2026-03-31,André Costa,True,WhatsApp
2026-03-23,André Costa,False,WhatsApp
2026-01-06,André Costa,True,Telefone
2026-02-09,André Costa,False,Loja
2026-01-29,André Costa,True,WhatsApp
2026-01-11,André Costa,True,Telefone
2026-01-18,André Costa,False,Site
2026-02-27,André Costa,False,Loja
2026-03-19,André Costa,True,WhatsApp
2026-02-02,André Costa,False,Telefone
2026-03-31,André Costa,True,Loja
2026-01-16,André Costa,True,WhatsApp
2026-01-27,André Costa,True,Loja
2026-02-05,André Costa,False,Site
2026-03-10,André Costa,True,Loja
2026-01-26,André Costa,False,WhatsApp
2026-03-16,André Costa,False,Site
2026-01-28,André Costa,False,Loja
2026-01-22,André Costa,True,WhatsApp
2026-03-07,André Costa,False,Loja
2026-01-12,André Costa,False,WhatsApp
2026-03-26,André Costa,True,WhatsApp
2026-03-10,André Costa,False,Loja
2026-01-26,André Costa,False,Loja
2026-01-07,André Costa,False,Site
2026-03-10,André Costa,False,Telefone
2026-03-01,André Costa,False,WhatsApp
2026-01-29,André Costa,True,Loja
2026-03-23,André Costa,True,WhatsApp
2026-01-17,André Costa,True,Site
2026-02-06,André Costa,True,Loja
2026-03-19,André Costa,False,WhatsApp
2026-02-24,André Costa,True,Loja
2026-02-15,André Costa,False,Loja
2026-01-28,André Costa,True,Telefone
2026-02-18,André Costa,True,Loja
2026-02-05,André Costa,False,Loja
2026-03-30,André Costa,True,Loja
2026-02-21,André Costa,True,Loja
2026-03-27,André Costa,False,Loja
2026-01-14,André Costa,False,Telefone
2026-03-30,André Costa,False,Loja
2026-01-06,André Costa,False,Loja
2026-03-30,André Costa,True,Telefone
2026-02-19,André Costa,False,Loja
2026-02-26,André Costa,True,WhatsApp
2026-01-03,André Costa,True,Site
2026-04-01,André Costa,True,Telefone
2026-03-09,André Costa,False,Telefone
2026-02-01,André Costa,False,WhatsApp
2026-01-05,André Costa,False,Loja
2026-01-23,André Costa,True,Telefone
2026-04-01,André Costa,False,Loja
2026-03-27,André Costa,True,Loja
2026-02-20,André Costa,False,Loja
2026-03-29,André Costa,False,Site
2026-03-28,André Costa,True,Loja
2026-03-05,André Costa,False,Loja
2026-02-09,André Costa,True,Loja
2026-01-17,André Costa,False,Loja
2026-02-23,André Costa,False,Site
2026-03-22,André Costa,False,Loja
2026-02-17,André Costa,False,Loja
2026-01-27,André Costa,False,WhatsApp
2026-01-23,André Costa,False,Loja
2026-03-31,André Costa,False,Loja
2026-01-07,André Costa,True,Loja
2026-03-13,André Costa,True,Loja
2026-02-18,André Costa,False,Site
2026-03-30,André Costa,True,Loja
2026-03-11,André Costa,True,Loja
2026-01-20,André Costa,True,Site
2026-01-23,André Costa,True,Loja
2026-03-29,André Costa,True,Telefone
2026-01-25,André Costa,False,Site
2026-03-07,André Costa,False,Loja
2026-03-10,André Costa,True,WhatsApp
2026-02-11,André Costa,False,WhatsApp
2026-01-12,André Costa,True,Loja
2026-04-01,André Costa,False,WhatsApp
2026-02-23,André Costa,False,Loja
2026-03-15,André Costa,False,Loja
2026-03-18,André Costa,True,Loja
2026-03-04,André Costa,True,Loja
2026-03-07,André Costa,False,Loja
2026-01-07,André Costa,True,Loja
2026-02-24,André Costa,True,Loja
2026-02-26,André Costa,False,Loja
2026-02-08,André Costa,True,Loja
2026-02-27,André Costa,False,Telefone
